{"cameraMode":{"drawMode":0,"name":"Shaded","section":"Shading Mode"},"sceneLighting":false,"audioPlay":false,"sceneViewState":{"showFog":true,"showMaterialUpdate":false,"showSkybox":false,"showFlares":false,"showImageEffects":false,"showParticleSystems":false},"in2DMode":false,"pivot":{"x":13.428085327148438,"y":-16.053621292114259,"z":19.821401596069337},"rotation":{"x":0.3085966408252716,"y":0.2627144753932953,"z":-0.08910661190748215,"w":0.9098402261734009},"size":52.98207092285156,"orthographic":false}